{"cameraMode":{"drawMode":0,"name":"Shaded","section":"Shading Mode"},"sceneLighting":false,"audioPlay":false,"sceneViewState":{"m_AlwaysRefresh":false,"showFog":true,"showSkybox":false,"showFlares":true,"showImageEffects":true,"showParticleSystems":true,"showVisualEffectGraphs":true,"m_FxEnabled":true},"in2DMode":false,"pivot":{"x":4.286722183227539,"y":1.2363908290863038,"z":-0.1784546673297882},"rotation":{"x":-0.0021168594248592855,"y":-0.7085887789726257,"z":-0.0021257586777210237,"w":0.7056155800819397},"size":0.8660253882408142,"orthographic":false}