{"cameraMode":{"drawMode":0,"name":"Shaded","section":"Shading Mode"},"sceneLighting":false,"audioPlay":false,"sceneViewState":{"m_AlwaysRefresh":false,"showFog":true,"showSkybox":false,"showFlares":true,"showImageEffects":true,"showParticleSystems":true,"showVisualEffectGraphs":true,"m_FxEnabled":true},"in2DMode":false,"pivot":{"x":0.1835925579071045,"y":0.0025000572204589845,"z":-0.13229477405548097},"rotation":{"x":-0.14137987792491914,"y":-0.36970898509025576,"z":0.05687306448817253,"w":-0.9164965748786926},"size":1.5392787456512452,"orthographic":false}