{"cameraMode":{"drawMode":0,"name":"Shaded","section":"Shading Mode"},"sceneLighting":false,"audioPlay":false,"sceneViewState":{"m_AlwaysRefresh":false,"showFog":true,"showSkybox":false,"showFlares":true,"showImageEffects":true,"showParticleSystems":true,"showVisualEffectGraphs":true,"m_FxEnabled":true},"in2DMode":false,"pivot":{"x":-0.09831070899963379,"y":2.7045910358428957,"z":0.8143088221549988},"rotation":{"x":-0.1723330020904541,"y":0.6597266793251038,"z":-0.15941964089870454,"w":-0.7137680649757385},"size":1.2705700397491456,"orthographic":false}