{"cameraMode":{"drawMode":0,"name":"Shaded","section":"Shading Mode"},"sceneLighting":true,"audioPlay":false,"sceneViewState":{"m_AlwaysRefresh":false,"showFog":true,"showSkybox":true,"showFlares":true,"showImageEffects":true,"showParticleSystems":true,"showVisualEffectGraphs":true,"m_FxEnabled":true},"in2DMode":false,"pivot":{"x":1.7504549026489258,"y":28.583881378173829,"z":-6.860907554626465},"rotation":{"x":0.45355817675590517,"y":-0.026730477809906007,"z":0.013610102236270905,"w":0.8906884789466858},"size":12.12435531616211,"orthographic":false}