{"cameraMode":{"drawMode":0,"name":"Shaded","section":"Shading Mode"},"sceneLighting":true,"audioPlay":false,"sceneViewState":{"m_AlwaysRefresh":false,"showFog":true,"showSkybox":true,"showFlares":true,"showImageEffects":true,"showParticleSystems":true,"showVisualEffectGraphs":true,"m_FxEnabled":true},"in2DMode":false,"pivot":{"x":279.0093994140625,"y":127.83712005615235,"z":-550.5658569335938},"rotation":{"x":-0.013499903492629528,"y":0.017996041104197503,"z":0.0002313898003194481,"w":0.999717652797699},"size":0.6836451292037964,"orthographic":false}